{
  "euler:usdc:borrow:baseline": 0.11101166120955173,
  "euler:usdc:borrow:last": 0.11101166120955173,
  "silo:142:usdc:borrow:baseline": 0.158594466989088,
  "silo:142:usdc:borrow:last": 0.158594466989088
}