{
  "euler:usdc:borrow:baseline": 0.10238934441941287,
  "euler:usdc:borrow:last": 0.10864737813743329,
  "silo:142:usdc:borrow:baseline": 0.156867778588608,
  "silo:142:usdc:borrow:last": 0.156867778588608
}