{
  "euler:usdc:borrow:baseline": 0.08997295868722543,
  "euler:usdc:borrow:last": 0.08997295868722543,
  "silo:142:usdc:borrow:baseline": 0.135635385094992,
  "silo:142:usdc:borrow:last": 0.135635385094992
}