{
  "euler:usdc:borrow:baseline": 0.11753418006294548,
  "euler:usdc:borrow:last": 0.11850944888415267,
  "silo:142:usdc:borrow:baseline": 0.186621453935424,
  "silo:142:usdc:borrow:last": 0.187936040137104
}