{
  "euler:usdc:borrow:baseline": 0.12632898704114554,
  "euler:usdc:borrow:last": 0.12632898704114554,
  "silo:142:usdc:borrow:baseline": 0.152889360910416,
  "silo:142:usdc:borrow:last": 0.152821061881488
}