{
  "euler:usdc:borrow:baseline": 0.08971452781063496,
  "euler:usdc:borrow:last": 0.08976281773430576,
  "silo:142:usdc:borrow:baseline": 0.088390581036768,
  "silo:142:usdc:borrow:last": 0.088957190524752
}