{
  "euler:usdc:borrow:baseline": 0.08992625882800624,
  "euler:usdc:borrow:last": 0.09716473294489641,
  "silo:142:usdc:borrow:baseline": 0.17743708309032,
  "silo:142:usdc:borrow:last": 0.177534261558144
}