{
  "euler:usdc:borrow:baseline": 0.12431542424135335,
  "euler:usdc:borrow:last": 0.12171068294877195,
  "silo:usdc:borrow:baseline": 0.089288400202992,
  "silo:usdc:borrow:last": 0.08930153885745601
}