{
  "euler:usdc:borrow:baseline": 0.5283903638562456,
  "euler:usdc:borrow:last": 0.5283903638562456,
  "silo:142:usdc:borrow:baseline": 0.190846573736544,
  "silo:142:usdc:borrow:last": 0.195758820814032
}