{
  "euler:usdc:borrow:baseline": 0.11101166120955173,
  "euler:usdc:borrow:last": 0.1107947721633255,
  "silo:142:usdc:borrow:baseline": 0.161051611900032,
  "silo:142:usdc:borrow:last": 0.161051611900032
}