{
  "euler:usdc:borrow:baseline": 0.11345608773200533,
  "euler:usdc:borrow:last": 0.11345608773200533,
  "silo:142:usdc:borrow:baseline": 0.152889360910416,
  "silo:142:usdc:borrow:last": 0.152889360910416
}