{
  "euler:usdc:borrow:baseline": 0.11348705089943756,
  "euler:usdc:borrow:last": 0.11348705089943756,
  "silo:142:usdc:borrow:baseline": 0.176321728533024,
  "silo:142:usdc:borrow:last": 0.176321728533024
}