{
  "euler:usdc:borrow:baseline": 0.11101166120955173,
  "euler:usdc:borrow:last": 0.11515047574251426,
  "silo:142:usdc:borrow:baseline": 0.161596649534112,
  "silo:142:usdc:borrow:last": 0.161596649534112
}