{
  "euler:usdc:borrow:baseline": 0.08992266505195433,
  "euler:usdc:borrow:last": 0.0977044163062277,
  "silo:142:usdc:borrow:baseline": 0.182191902928848,
  "silo:142:usdc:borrow:last": 0.191828803358736
}