{
  "euler:usdc:borrow:baseline": 0.18934809854321416,
  "euler:usdc:borrow:last": 0.18936059704647376,
  "silo:142:usdc:borrow:baseline": 0.21014789133312,
  "silo:142:usdc:borrow:last": 0.214117792367616
}