{
  "euler:usdc:borrow:baseline": 0.10142680044873727,
  "euler:usdc:borrow:last": 0.09847050535610653,
  "silo:142:usdc:borrow:baseline": 0.188288695462176,
  "silo:142:usdc:borrow:last": 0.191791478610576
}