{
  "euler:usdc:borrow:baseline": 0.08968282187279254,
  "euler:usdc:borrow:last": 0.08968384671272106,
  "silo:142:usdc:borrow:baseline": 0.188288695462176,
  "silo:142:usdc:borrow:last": 0.191288739361824
}