{
  "euler:usdc:borrow:baseline": 0.12891115307576073,
  "euler:usdc:borrow:last": 0.12941327840824277,
  "silo:142:usdc:borrow:baseline": 0.186621453935424,
  "silo:142:usdc:borrow:last": 0.189228067754976
}