{
  "euler:usdc:borrow:baseline": 0.12229528504407532,
  "euler:usdc:borrow:last": 0.12246881613860258,
  "silo:142:usdc:borrow:baseline": 0.186621453935424,
  "silo:142:usdc:borrow:last": 0.186626474056656
}