{
  "euler:usdc:borrow:baseline": 0.08871548499850662,
  "euler:usdc:borrow:last": 0.08966172146780145,
  "silo:142:usdc:borrow:baseline": 0.140697356175792,
  "silo:142:usdc:borrow:last": 0.140697356175792
}