{
  "euler:usdc:borrow:baseline": 0.08997295868722543,
  "euler:usdc:borrow:last": 0.09680145666622846,
  "silo:142:usdc:borrow:baseline": 0.164907103606272,
  "silo:142:usdc:borrow:last": 0.164907103606272
}