{
  "euler:usdc:borrow:baseline": 0.11101166120955173,
  "euler:usdc:borrow:last": 0.108147682174361,
  "silo:142:usdc:borrow:baseline": 0.176396866048944,
  "silo:142:usdc:borrow:last": 0.17638902749232
}