{
  "euler:usdc:borrow:baseline": 0.0918722111192642,
  "euler:usdc:borrow:last": 0.08981410164345408,
  "silo:142:usdc:borrow:baseline": 0.152011387317456,
  "silo:142:usdc:borrow:last": 0.159556566583296
}