{
  "euler:usdc:borrow:baseline": 0.11101166120955173,
  "euler:usdc:borrow:last": 0.10391815864599611,
  "silo:142:usdc:borrow:baseline": 0.190601044153632,
  "silo:142:usdc:borrow:last": 0.190617755899968
}