{
  "euler:usdc:borrow:baseline": 0.08871548499850662,
  "euler:usdc:borrow:last": 0.08995987619065902,
  "silo:142:usdc:borrow:baseline": 0.164538055048464,
  "silo:142:usdc:borrow:last": 0.164535878591424
}