{
  "euler:usdc:borrow:baseline": 0.11101166120955173,
  "euler:usdc:borrow:last": 0.11370761186041393,
  "silo:142:usdc:borrow:baseline": 0.176396866048944,
  "silo:142:usdc:borrow:last": 0.176363219376
}