{
  "euler:usdc:borrow:baseline": 0.1099006336768357,
  "euler:usdc:borrow:last": 0.11392851403742271,
  "silo:usdc:borrow:baseline": 0.117845493748848,
  "silo:usdc:borrow:last": 0.108929067329376
}