{
  "euler:usdc:borrow:baseline": 0.08992266505195433,
  "euler:usdc:borrow:last": 0.0899772401907688,
  "silo:142:usdc:borrow:baseline": 0.098145722229696,
  "silo:142:usdc:borrow:last": 0.088601847449472
}