{
  "euler:usdc:borrow:baseline": 0.08971452781063496,
  "euler:usdc:borrow:last": 0.0897137993778132,
  "silo:142:usdc:borrow:baseline": 0.088390581036768,
  "silo:142:usdc:borrow:last": 0.088446324511872
}