{
  "euler:usdc:borrow:baseline": 0.08968282187279254,
  "euler:usdc:borrow:last": 0.08969590271987471,
  "silo:142:usdc:borrow:baseline": 0.188288695462176,
  "silo:142:usdc:borrow:last": 0.191554322119488
}