{
  "euler:usdc:borrow:baseline": 0.11413558536198226,
  "euler:usdc:borrow:last": 0.11639972936456662,
  "silo:142:usdc:borrow:baseline": 0.183145409782992,
  "silo:142:usdc:borrow:last": 0.189448810924896
}