{
  "euler:usdc:borrow:baseline": 0.09364790916221201,
  "euler:usdc:borrow:last": 0.09917680538712491,
  "silo:142:usdc:borrow:baseline": 0.136583540037648,
  "silo:142:usdc:borrow:last": 0.136583540037648
}