{
  "euler:usdc:borrow:baseline": 0.12229528504407532,
  "euler:usdc:borrow:last": 0.1159666390042136,
  "silo:142:usdc:borrow:baseline": 0.186621453935424,
  "silo:142:usdc:borrow:last": 0.186621453935424
}