{
  "euler:usdc:borrow:baseline": 0.22054169324751538,
  "euler:usdc:borrow:last": 0.22243334453246688,
  "silo:142:usdc:borrow:baseline": 0.221064923875536,
  "silo:142:usdc:borrow:last": 0.222935544882144
}