{
  "euler:usdc:borrow:baseline": 0.09364790916221201,
  "euler:usdc:borrow:last": 0.0972370797970699,
  "silo:142:usdc:borrow:baseline": 0.1163925665892,
  "silo:142:usdc:borrow:last": 0.11620897755768
}