{
  "euler:usdc:borrow:baseline": 0.2626709822055053,
  "euler:usdc:borrow:last": 0.2626709822055053,
  "silo:142:usdc:borrow:baseline": 0.190846573736544,
  "silo:142:usdc:borrow:last": 0.20024444935656
}