{
  "euler:usdc:borrow:baseline": 0.38570308857184493,
  "euler:usdc:borrow:last": 0.38570308857184493,
  "silo:142:usdc:borrow:baseline": 0.088663172512752,
  "silo:142:usdc:borrow:last": 0.0887048731332
}