{
  "euler:usdc:borrow:baseline": 0.08871548499850662,
  "euler:usdc:borrow:last": 0.0895289606006309,
  "silo:142:usdc:borrow:baseline": 0.193664150529408,
  "silo:142:usdc:borrow:last": 0.193664150529408
}