{
  "euler:usdc:borrow:baseline": 0.20282529320177226,
  "euler:usdc:borrow:last": 0.20502255530396277,
  "silo:142:usdc:borrow:baseline": 0.199640413196064,
  "silo:142:usdc:borrow:last": 0.201475653648912
}