{
  "euler:usdc:borrow:baseline": 0.10238934441941287,
  "euler:usdc:borrow:last": 0.10598373132611652,
  "silo:142:usdc:borrow:baseline": 0.146078641839456,
  "silo:142:usdc:borrow:last": 0.146078641839456
}