{
  "euler:usdc:borrow:baseline": 0.08871548499850662,
  "euler:usdc:borrow:last": 0.08967777538536263,
  "silo:142:usdc:borrow:baseline": 0.086666778811008,
  "silo:142:usdc:borrow:last": 0.087746888986992
}