{
  "euler:usdc:borrow:baseline": 0.08871548499850662,
  "euler:usdc:borrow:last": 0.08988515475787943,
  "silo:142:usdc:borrow:baseline": 0.20567395533024,
  "silo:142:usdc:borrow:last": 0.206366447794752
}