{
  "euler:usdc:borrow:baseline": 0.10238934441941287,
  "euler:usdc:borrow:last": 0.10219669763816538,
  "silo:142:usdc:borrow:baseline": 0.108926072986176,
  "silo:142:usdc:borrow:last": 0.10916908937064
}