{
  "euler:usdc:borrow:baseline": 0.12183935907340433,
  "euler:usdc:borrow:last": 0.12353614063755672,
  "silo:142:usdc:borrow:baseline": 0.186114475491408,
  "silo:142:usdc:borrow:last": 0.18668894652576
}