{
  "euler:usdc:borrow:baseline": 0.08871548499850662,
  "euler:usdc:borrow:last": 0.08967527242871366,
  "silo:142:usdc:borrow:baseline": 0.086666778811008,
  "silo:142:usdc:borrow:last": 0.087909472267344
}