{
  "euler:usdc:borrow:baseline": 0.20282529320177226,
  "euler:usdc:borrow:last": 0.2012010512332342,
  "silo:142:usdc:borrow:baseline": 0.21014789133312,
  "silo:142:usdc:borrow:last": 0.211694100687792
}