{
  "euler:usdc:borrow:baseline": 0.12229528504407532,
  "euler:usdc:borrow:last": 0.1221073818405249,
  "silo:142:usdc:borrow:baseline": 0.186088520764224,
  "silo:142:usdc:borrow:last": 0.186593781631536
}