{
  "euler:usdc:borrow:baseline": 0.08871548499850662,
  "euler:usdc:borrow:last": 0.08967424365451478,
  "silo:142:usdc:borrow:baseline": 0.086666778811008,
  "silo:142:usdc:borrow:last": 0.087912602751456
}