{
  "euler:usdc:borrow:baseline": 0.2626709822055053,
  "euler:usdc:borrow:last": 0.2622038766195343,
  "silo:142:usdc:borrow:baseline": 0.201079865685168,
  "silo:142:usdc:borrow:last": 0.207331819722
}