{
  "euler:usdc:borrow:baseline": 0.11753418006294548,
  "euler:usdc:borrow:last": 0.12370789760282012,
  "silo:142:usdc:borrow:baseline": 0.186621453935424,
  "silo:142:usdc:borrow:last": 0.188163465406992
}