{
  "euler:usdc:borrow:baseline": 0.12183935907340433,
  "euler:usdc:borrow:last": 0.12465373365747222,
  "silo:usdc:borrow:baseline": 0.185440712036544,
  "silo:usdc:borrow:last": 0.185440712036544
}