{
  "euler:usdc:borrow:baseline": 0.12152340382718622,
  "euler:usdc:borrow:last": 0.12164736807152404,
  "silo:142:usdc:borrow:baseline": 0.188288695462176,
  "silo:142:usdc:borrow:last": 0.191006295944832
}