{
  "euler:usdc:borrow:baseline": 0.10238934441941287,
  "euler:usdc:borrow:last": 0.1021942973209799,
  "silo:142:usdc:borrow:baseline": 0.127349360035776,
  "silo:142:usdc:borrow:last": 0.127349360035776
}