{
  "euler:usdc:borrow:baseline": 0.08992266505195433,
  "euler:usdc:borrow:last": 0.09757124155186844,
  "silo:142:usdc:borrow:baseline": 0.182191902928848,
  "silo:142:usdc:borrow:last": 0.191741803639488
}