{
  "euler:usdc:borrow:baseline": 0.09870933423205054,
  "euler:usdc:borrow:last": 0.10646624236305154,
  "silo:usdc:borrow:baseline": 0.089288400202992,
  "silo:usdc:borrow:last": 0.089188548239232
}