{
  "euler:usdc:borrow:baseline": 0.08968282187279254,
  "euler:usdc:borrow:last": 0.0895737323933169,
  "silo:142:usdc:borrow:baseline": 0.188288695462176,
  "silo:142:usdc:borrow:last": 0.191361129556032
}