{
  "euler:usdc:borrow:baseline": 0.08992625882800624,
  "euler:usdc:borrow:last": 0.0951850319800086,
  "silo:142:usdc:borrow:baseline": 0.17743708309032,
  "silo:142:usdc:borrow:last": 0.17018669620296
}