{
  "euler:usdc:borrow:baseline": 0.11413558536198226,
  "euler:usdc:borrow:last": 0.11936260280709057,
  "silo:142:usdc:borrow:baseline": 0.183145409782992,
  "silo:142:usdc:borrow:last": 0.184906913107536
}