{
  "euler:usdc:borrow:baseline": 0.10142680044873727,
  "euler:usdc:borrow:last": 0.09847458499694893,
  "silo:142:usdc:borrow:baseline": 0.188288695462176,
  "silo:142:usdc:borrow:last": 0.191816337903264
}