{
  "euler:usdc:borrow:baseline": 0.11091663055294171,
  "euler:usdc:borrow:last": 0.11391125760091309,
  "silo:142:usdc:borrow:baseline": 0.162315841416912,
  "silo:142:usdc:borrow:last": 0.163044116203824
}