{
  "euler:usdc:borrow:baseline": 0.12229528504407532,
  "euler:usdc:borrow:last": 0.11643937949021187,
  "silo:142:usdc:borrow:baseline": 0.175184191048752,
  "silo:142:usdc:borrow:last": 0.17434030780872
}