{
  "euler:usdc:borrow:baseline": 0.08871548499850662,
  "euler:usdc:borrow:last": 0.08873702229142894,
  "silo:142:usdc:borrow:baseline": 0.086819053319856,
  "silo:142:usdc:borrow:last": 0.087544531336608
}