{
  "euler:usdc:borrow:baseline": 0.1099006336768357,
  "euler:usdc:borrow:last": 0.11348171485689862,
  "silo:usdc:borrow:baseline": 0.117845493748848,
  "silo:usdc:borrow:last": 0.12141793162728
}