{
  "euler:usdc:borrow:baseline": 0.10842019546049468,
  "euler:usdc:borrow:last": 0.108982295737161,
  "silo:142:usdc:borrow:baseline": 0.11236138861536,
  "silo:142:usdc:borrow:last": 0.11236138861536
}