{
  "euler:usdc:borrow:baseline": 0.22054169324751538,
  "euler:usdc:borrow:last": 0.22242715470907107,
  "silo:142:usdc:borrow:baseline": 0.221064923875536,
  "silo:142:usdc:borrow:last": 0.221724770682816
}