{
  "euler:usdc:borrow:baseline": 0.112633919038841,
  "euler:usdc:borrow:last": 0.11263561564654352,
  "silo:142:usdc:borrow:baseline": 0.17998228300968,
  "silo:142:usdc:borrow:last": 0.179469900682848
}