{
  "euler:usdc:borrow:baseline": 0.22054169324751538,
  "euler:usdc:borrow:last": 0.21990772319532004,
  "silo:142:usdc:borrow:baseline": 0.207896792239296,
  "silo:142:usdc:borrow:last": 0.208473361994448
}