{
  "euler:usdc:borrow:baseline": 0.10238934441941287,
  "euler:usdc:borrow:last": 0.10224736564402317,
  "silo:142:usdc:borrow:baseline": 0.098145722229696,
  "silo:142:usdc:borrow:last": 0.08937302273856
}