{
  "euler:usdc:borrow:baseline": 0.08999810991950538,
  "euler:usdc:borrow:last": 0.08999833027690275,
  "silo:142:usdc:borrow:baseline": 0.087909596929152,
  "silo:142:usdc:borrow:last": 0.089244447880608
}