{
  "euler:usdc:borrow:baseline": 0.12183935907340433,
  "euler:usdc:borrow:last": 0.12973990057323562,
  "silo:142:usdc:borrow:baseline": 0.186114475491408,
  "silo:142:usdc:borrow:last": 0.186300553344048
}