{
  "euler:usdc:borrow:baseline": 0.20304060833273835,
  "euler:usdc:borrow:last": 0.2035325355368075,
  "silo:142:usdc:borrow:baseline": 0.207896792239296,
  "silo:142:usdc:borrow:last": 0.210139117671024
}