{
  "euler:usdc:borrow:baseline": 0.1146240424102729,
  "euler:usdc:borrow:last": 0.1146240424102729,
  "silo:142:usdc:borrow:baseline": 0.087909596929152,
  "silo:142:usdc:borrow:last": 0.09246568919472
}