{
  "euler:usdc:borrow:baseline": 0.9995235974197935,
  "euler:usdc:borrow:last": 0.9995235974197935,
  "silo:142:usdc:borrow:baseline": 0.212173783714656,
  "silo:142:usdc:borrow:last": 0.220661994616128
}