{
  "euler:usdc:borrow:baseline": 0.10013814333471488,
  "euler:usdc:borrow:last": 0.10276451247066715,
  "silo:142:usdc:borrow:baseline": 0.195828409728432,
  "silo:142:usdc:borrow:last": 0.195889102526448
}