{
  "euler:usdc:borrow:baseline": 0.10842019546049468,
  "euler:usdc:borrow:last": 0.1068086533991969,
  "silo:142:usdc:borrow:baseline": 0.146303506323072,
  "silo:142:usdc:borrow:last": 0.146303506323072
}