{
  "euler:usdc:borrow:baseline": 0.08992266505195433,
  "euler:usdc:borrow:last": 0.09011731437079608,
  "silo:142:usdc:borrow:baseline": 0.098145722229696,
  "silo:142:usdc:borrow:last": 0.08926720779024
}