{
  "euler:usdc:borrow:baseline": 0.08968282187279254,
  "euler:usdc:borrow:last": 0.08968294670373166,
  "silo:142:usdc:borrow:baseline": 0.188288695462176,
  "silo:142:usdc:borrow:last": 0.191159556552864
}