{
  "euler:usdc:borrow:baseline": 0.11101166120955173,
  "euler:usdc:borrow:last": 0.12039368318220069,
  "silo:142:usdc:borrow:baseline": 0.183754636863696,
  "silo:142:usdc:borrow:last": 0.183752393108832
}