{
  "euler:usdc:borrow:baseline": 0.20304060833273835,
  "euler:usdc:borrow:last": 0.2025816549664328,
  "silo:142:usdc:borrow:baseline": 0.207896792239296,
  "silo:142:usdc:borrow:last": 0.210031956860832
}