{
  "euler:usdc:borrow:baseline": 0.1099006336768357,
  "euler:usdc:borrow:last": 0.11116080985084147,
  "silo:usdc:borrow:baseline": 0.117845493748848,
  "silo:usdc:borrow:last": 0.12154506081192
}