{
  "euler:usdc:borrow:baseline": 0.12489002850656145,
  "euler:usdc:borrow:last": 0.12489002850656145,
  "silo:142:usdc:borrow:baseline": 0.163963119867264,
  "silo:142:usdc:borrow:last": 0.164734590049488
}