{
  "euler:usdc:borrow:baseline": 0.11101166120955173,
  "euler:usdc:borrow:last": 0.11240166858763852,
  "silo:142:usdc:borrow:baseline": 0.170108141824512,
  "silo:142:usdc:borrow:last": 0.170108141824512
}