{
  "euler:usdc:borrow:baseline": 0.11101166120955173,
  "euler:usdc:borrow:last": 0.10925449225475922,
  "silo:142:usdc:borrow:baseline": 0.190200246444,
  "silo:142:usdc:borrow:last": 0.190335298985568
}