{
  "euler:usdc:borrow:baseline": 0.08871548499850662,
  "euler:usdc:borrow:last": 0.08933127242535177,
  "silo:142:usdc:borrow:baseline": 0.086819053319856,
  "silo:142:usdc:borrow:last": 0.088583272587792
}