{
  "euler:usdc:borrow:baseline": 0.23099767407197289,
  "euler:usdc:borrow:last": 0.2310007428375658,
  "silo:142:usdc:borrow:baseline": 0.212173783714656,
  "silo:142:usdc:borrow:last": 0.212173783714656
}