{
  "euler:usdc:borrow:baseline": 0.11101166120955173,
  "euler:usdc:borrow:last": 0.109389515752057,
  "silo:142:usdc:borrow:baseline": 0.17801922172464,
  "silo:142:usdc:borrow:last": 0.17801922172464
}