{
  "euler:usdc:borrow:baseline": 0.23099767407197289,
  "euler:usdc:borrow:last": 0.23099767407197289,
  "silo:142:usdc:borrow:baseline": 0.201079865685168,
  "silo:142:usdc:borrow:last": 0.210615451133184
}