{
  "euler:usdc:borrow:baseline": 0.12891115307576073,
  "euler:usdc:borrow:last": 0.13055522684731977,
  "silo:142:usdc:borrow:baseline": 0.104001643804176,
  "silo:142:usdc:borrow:last": 0.104001643804176
}