{
  "euler:usdc:borrow:baseline": 0.10072113751717242,
  "euler:usdc:borrow:last": 0.10678345201368108,
  "silo:142:usdc:borrow:baseline": 0.133938576928368,
  "silo:142:usdc:borrow:last": 0.135386878292928
}