{
  "euler:usdc:borrow:baseline": 0.10072113751717242,
  "euler:usdc:borrow:last": 0.10271088161344279,
  "silo:142:usdc:borrow:baseline": 0.146397800855232,
  "silo:142:usdc:borrow:last": 0.146397800855232
}