{
  "euler:usdc:borrow:baseline": 0.11101166120955173,
  "euler:usdc:borrow:last": 0.11402255230349277,
  "silo:142:usdc:borrow:baseline": 0.179077132984896,
  "silo:142:usdc:borrow:last": 0.179077132984896
}