{
  "euler:usdc:borrow:baseline": 0.10238934441941287,
  "euler:usdc:borrow:last": 0.10220192352526287,
  "silo:142:usdc:borrow:baseline": 0.108926072986176,
  "silo:142:usdc:borrow:last": 0.10926686169288
}