{
  "euler:usdc:borrow:baseline": 0.12588748462277627,
  "euler:usdc:borrow:last": 0.12588748462277627,
  "silo:142:usdc:borrow:baseline": 0.143444582838288,
  "silo:142:usdc:borrow:last": 0.143444582838288
}