{
  "euler:usdc:borrow:baseline": 0.11091663055294171,
  "euler:usdc:borrow:last": 0.12079574512847842,
  "silo:142:usdc:borrow:baseline": 0.190341718926768,
  "silo:142:usdc:borrow:last": 0.19062346870944
}