{
  "euler:usdc:borrow:baseline": 0.112633919038841,
  "euler:usdc:borrow:last": 0.11255572537018939,
  "silo:142:usdc:borrow:baseline": 0.17998228300968,
  "silo:142:usdc:borrow:last": 0.180007768701936
}