{
  "euler:usdc:borrow:baseline": 0.09409223407010088,
  "euler:usdc:borrow:last": 0.09381026492300909,
  "silo:142:usdc:borrow:baseline": 0.075295149309792,
  "silo:142:usdc:borrow:last": 0.075295149309792
}