{
  "euler:usdc:borrow:baseline": 0.12891115307576073,
  "euler:usdc:borrow:last": 0.13348274168750685,
  "silo:142:usdc:borrow:baseline": 0.186621453935424,
  "silo:142:usdc:borrow:last": 0.189625887993168
}