{
  "euler:usdc:borrow:baseline": 0.09364790916221201,
  "euler:usdc:borrow:last": 0.09374913388822166,
  "silo:142:usdc:borrow:baseline": 0.088667370175104,
  "silo:142:usdc:borrow:last": 0.089383002053472
}