{
  "euler:usdc:borrow:baseline": 0.11091663055294171,
  "euler:usdc:borrow:last": 0.10537538306493835,
  "silo:142:usdc:borrow:baseline": 0.162315841416912,
  "silo:142:usdc:borrow:last": 0.162315841416912
}