{
  "euler:usdc:borrow:baseline": 0.12183935907340433,
  "euler:usdc:borrow:last": 0.12974509100872475,
  "silo:142:usdc:borrow:baseline": 0.186114475491408,
  "silo:142:usdc:borrow:last": 0.186506393073408
}