{
  "euler:usdc:borrow:baseline": 0.08992625882800624,
  "euler:usdc:borrow:last": 0.08981442722315042,
  "silo:142:usdc:borrow:baseline": 0.08097038199792,
  "silo:142:usdc:borrow:last": 0.08100430574616
}