{
  "euler:usdc:borrow:baseline": 0.09364790916221201,
  "euler:usdc:borrow:last": 0.09375070432010996,
  "silo:142:usdc:borrow:baseline": 0.088667370175104,
  "silo:142:usdc:borrow:last": 0.089405619578064
}