{
  "euler:usdc:borrow:baseline": 0.11320290090875966,
  "euler:usdc:borrow:last": 0.11320290090875966,
  "silo:142:usdc:borrow:baseline": 0.163963119867264,
  "silo:142:usdc:borrow:last": 0.163963119867264
}