{
  "euler:usdc:borrow:baseline": 0.13442259945969992,
  "euler:usdc:borrow:last": 0.1281861722874475,
  "silo:142:usdc:borrow:baseline": 0.186621453935424,
  "silo:142:usdc:borrow:last": 0.186958605626784
}