{
  "euler:usdc:borrow:baseline": 0.12152340382718622,
  "euler:usdc:borrow:last": 0.12152660701672566,
  "silo:142:usdc:borrow:baseline": 0.190341718926768,
  "silo:142:usdc:borrow:last": 0.19103354566632
}