{
  "euler:usdc:borrow:baseline": 0.11160359713638648,
  "euler:usdc:borrow:last": 0.11160359713638648,
  "silo:142:usdc:borrow:baseline": 0.147979022990832,
  "silo:142:usdc:borrow:last": 0.147979022990832
}