{
  "euler:usdc:borrow:baseline": 0.24959486776715076,
  "euler:usdc:borrow:last": 0.24959486776715076,
  "silo:142:usdc:borrow:baseline": 0.190846573736544,
  "silo:142:usdc:borrow:last": 0.19905799155768
}